ID,Type
27780592,Student
30959942,Staff
53423437,Student
50426119,Staff
14931442,Student
01866430,Student
70110420,Staff
62235846,Student
30858273,Staff
15776810,Staff
65474579,Staff
00663330,Student
76925272,Staff
30939701,Staff
90452549,Staff
00807376,Staff
05780443,Staff
66402773,Student
88014578,Student
25967253,Student
05319913,Staff
26670863,Staff
95738782,Student
45842203,Staff
15242819,Student
41749247,Student
42859738,Staff
65306767,Staff
28529068,Student
64335724,Student
20849348,Staff
32134602,Student
30996178,Staff
06824783,Staff
70823178,Student
57171713,Student
54570681,Student
28375363,Student
03909477,Staff
71727605,Staff
60171750,Staff
65103465,Student
29678585,Student
54600138,Student
53621723,Staff
18613043,Staff
25985250,Staff
79817561,Staff
89383609,Student
89523817,Student
98907060,Staff
10270280,Staff
12446042,Student
81537044,Staff
73280309,Student
31023160,Staff
55835150,Student
76600089,Staff
20910065,Staff
65315134,Staff
76979000,Staff
16468546,Student
65338039,Staff
19753415,Staff
69786083,Staff
17122918,Student
27170450,Student
88918825,Student
84780344,Staff
53787969,Student
33594725,Student
04223946,Staff
37347504,Staff
57207819,Staff
07894935,Staff
78844661,Student
54221729,Staff
25001156,Staff
33254071,Staff
64139260,Student
74832932,Staff
86861203,Student
45655798,Staff
33117900,Staff
81939255,Staff
42553327,Student
79318516,Staff
84259755,Staff
37144250,Student
22493541,Student
78010542,Staff
94331870,Staff
02706801,Staff
35427219,Student
61778790,Student
56217506,Staff
49973211,Staff
82948527,Staff
73332414,Student
98048841,Staff
87402282,Student
72846917,Staff
22843707,Staff
10639611,Staff
70915238,Staff
87217835,Student
62392473,Staff
51060573,Staff
64094911,Student
47027325,Student
56551733,Student
49007165,Staff
42308794,Staff
95333129,Student
24322646,Staff
19581008,Student
11573539,Staff
94352890,Staff
85153660,Staff
18771067,Student
50272252,Staff
06937641,Staff
09781679,Staff
47603795,Student
84001960,Student
11608305,Staff
01578533,Staff
65745007,Staff
97921044,Staff
74221400,Student
77272493,Staff
65313587,Student
40141682,Staff
11360813,Student
96727678,Staff
83409915,Student
91204631,Student
26009800,Student
20623841,Staff
88697522,Student
03210343,Staff
71733519,Staff
02491788,Student
57464359,Student
12955959,Staff
00544371,Student
54144568,Student
16972572,Staff
34695618,Staff
76026286,Staff
68553810,Student
56143072,Student
80012725,Student
93023968,Staff
23840259,Staff
44609366,Staff
31559706,Student
15853757,Staff
92549180,Student
30631904,Staff
75986786,Student
78038989,Student
63293531,Student
77178732,Student
99808818,Student
64348875,Staff
71699851,Student
62809679,Student
98301790,Student
12719218,Staff
91048611,Student
68035042,Student
47280163,Staff
20812819,Student
56334829,Staff
91925921,Staff
42025078,Staff
25044802,Staff
72554985,Staff
48100666,Student
79368774,Student
60727310,Student
13328843,Student
34065922,Staff
84848298,Staff
72440123,Student
03060047,Student
75764148,Student
41346794,Staff
90654937,Staff
87840944,Staff
58874512,Student
11055325,Student
14881280,Student
74831156,Staff
19344761,Student
23501411,Student
12069028,Staff
85909167,Staff
17959617,Student
47564256,Student
99662094,Staff
23162553,Staff
06328729,Staff
19423790,Staff
51940498,Student
82016848,Staff
75567579,Student
81360941,Staff
46762053,Student
08238477,Student
82642404,Staff
77225450,Student
80178371,Student
72357193,Staff
55226307,Staff
76603571,Staff
85763588,Student
39744487,Staff
01048150,Staff
56390327,Staff
76615091,Staff
46626781,Student
83331973,Staff
64900085,Student
68911407,Student
78296431,Student
92121070,Staff
16268536,Staff
82540917,Staff
45576828,Staff
99854711,Student
29098865,Student
74716336,Staff
93261491,Staff
83956074,Staff
21055348,Staff
52535627,Student
40675828,Student
39956677,Student
64514120,Student
25337208,Student
27894144,Staff
51188860,Staff
61169288,Student
51633922,Student
54438930,Staff
17241855,Staff
32839245,Staff
14799010,Staff
87949225,Staff
33473125,Staff
88292114,Staff
58431977,Staff
23570343,Student
05814591,Student
23026915,Student
15339777,Student
73283117,Student
80767720,Student
78031980,Student
32291172,Staff
84773978,Student
65873901,Staff
01553075,Student
02583462,Student
05061022,Staff
02864521,Student
83278734,Staff
53493077,Student
75422543,Student
33123877,Staff
04859777,Staff
81620541,Staff
96262078,Student
09096057,Student
19322102,Staff
30255546,Student
98123163,Student
36680684,Staff
68102906,Student
62030626,Staff
00190521,Staff
37131258,Staff
05708591,Student
78313166,Staff
52299201,Student
25313312,Staff
54785844,Staff
34635992,Staff
67291944,Staff
81252986,Student
50451524,Staff
44832487,Student
93867282,Staff
95515123,Staff
44868300,Staff
54975308,Staff
84070434,Student
34732371,Student
64756235,Staff
52134797,Staff
94230085,Staff
72275215,Student
60336827,Staff
87796893,Student
93745274,Student
19084637,Staff
50408697,Staff
45888201,Staff
75997216,Student
23094864,Student
36584517,Staff
33841063,Staff
70238671,Staff
07096237,Student
34125749,Student
82000648,Staff
24211384,Staff
23983598,Staff
84006414,Staff
14936498,Staff
22762464,Student
51349651,Student
58599753,Student
08017716,Student
92705345,Staff
84838786,Student
27791412,Student
50605592,Student
61236893,Student
86680104,Student
37915034,Student
30985093,Staff
58440279,Student
39875266,Student
24948704,Staff
94072891,Student
69191084,Staff
77828298,Student
21907350,Staff
07991556,Student
75885670,Student
26960046,Student
20481102,Staff
53563799,Staff
28154138,Staff
44657969,Student
57868892,Staff
56778819,Student
46962240,Staff
90084822,Staff
41379675,Student
15742957,Staff
47833593,Student
62981511,Student
18781359,Student
98162657,Staff
35495239,Student
11275660,Staff
77173206,Student
86206809,Staff
98519163,Staff
82574825,Student
50936430,Student
25889092,Staff
48030006,Student
53518147,Staff
63317929,Student
97024530,Staff
97795806,Staff
62715974,Staff
18338747,Staff
01551835,Student
20384343,Student
83625484,Student
36342756,Student
37388020,Student
17572495,Student
60865235,Staff
83341183,Staff
89803206,Student
01420124,Staff
29152894,Student
95582997,Staff
81939425,Student
70289581,Student
31224267,Staff
03745137,Student
16350975,Staff
92869658,Staff
22074132,Staff
09279151,Student
37591329,Student
95230655,Student
45188499,Student
53464645,Staff
63725430,Student
91877897,Staff
09841672,Student
61424106,Student
72232849,Staff
38082819,Staff
43143775,Staff
32795363,Staff
60846486,Student
40728307,Student
47150726,Student
95719094,Staff
04976737,Staff
92190365,Staff
97526399,Student
93012331,Staff
56435274,Student
46411858,Student
34764901,Student
89689752,Student
36045344,Staff
03460453,Student
95954006,Staff
81810124,Staff
15665054,Staff
54381033,Student
37957511,Staff
09467120,Student
54181523,Staff
56394550,Student
19263479,Staff
25134414,Staff
41141824,Staff
07073823,Staff
11304154,Staff
77076957,Student
07616806,Student
51666866,Staff
60068540,Student
10187211,Student
04842349,Student
20380374,Student
14375463,Staff
53261881,Staff
48940596,Student
08161773,Staff
66429228,Staff
12333323,Student
39413522,Student
92460623,Staff
58020549,Staff
17419736,Student
07237819,Student
38770305,Student
88582927,Student
89712430,Staff
16582926,Staff
14534248,Student
03184579,Student
64242771,Student
60061156,Staff
93601158,Student
81494965,Staff
21640414,Staff
97417234,Staff
03446757,Staff
58437874,Student
65860066,Student
63562263,Student
62387423,Staff
57816781,Student
26618376,Staff
04597857,Staff
53524143,Student
27196308,Student
30436787,Student
35038232,Staff
12834759,Student
96215387,Staff
30075057,Student
28064157,Student
19582209,Staff
36185745,Student
09983453,Staff
89331019,Student
55813880,Student
29328643,Staff
36848613,Staff
74637022,Student
50044368,Staff
08382377,Staff
09510275,Staff
50805239,Student
37341403,Student
91124948,Student
61913076,Staff
66707951,Student
16448531,Staff
06072724,Staff
38430932,Staff
84687019,Staff
77907897,Student
80317864,Staff
57539428,Student
57691679,Staff
18576563,Staff
68353994,Student
41817056,Student
28436929,Staff
21854714,Staff
13573778,Staff
01376683,Student
42867965,Staff
17608589,Student
56557272,Staff
65482359,Staff
03216418,Student
20860282,Staff
71879126,Student
58850174,Staff
05197806,Student
44499425,Staff
47792555,Staff
60041766,Student
32267805,Student
93945515,Student
21702716,Student
03710207,Student
68212064,Student
72844595,Staff
43196343,Staff
10783668,Student
13106285,Student
99932850,Student
63331923,Student
13169216,Student
64049611,Student
21295447,Staff
95817175,Staff
08573419,Student
64100266,Staff
84835127,Student
90459021,Staff
14543210,Student
25204092,Staff
55880473,Staff
26807554,Student
88379681,Staff
31310188,Student
32786372,Student
91825954,Student
58152891,Staff
44841897,Student
17462130,Staff
09289510,Student
57036159,Student
20276390,Student
99000348,Student
04514624,Student
46906028,Student
42691812,Staff
49554374,Staff
10251386,Staff
77195384,Student
07692248,Staff
96299268,Staff
59396752,Staff
28386090,Staff
06622611,Staff
49787170,Staff
00048599,Staff
38085835,Staff
77152584,Student
90941540,Staff
21567220,Staff
70369956,Staff
89969787,Staff
15660505,Staff
60410595,Staff
73052485,Staff
32010778,Student
07157777,Student
18396460,Student
42435522,Student
30487321,Staff
68536743,Student
96333764,Staff
30467963,Staff
58231037,Student
42903131,Student
02018677,Staff
68419052,Student
89379639,Student
95081494,Staff
61535437,Staff
01003681,Staff
24279675,Student
52640812,Student
54243554,Student
37986651,Student
46959142,Staff
43474699,Student
72676617,Staff
54135055,Student
02458258,Staff
76260732,Staff
84496253,Staff
70468093,Student
75936035,Student
43012396,Staff
76271437,Staff
02304708,Student
91833705,Student
08118631,Staff
03695244,Student
89044140,Staff
86595957,Student
06274637,Staff
44113064,Staff
29937167,Staff
20351409,Staff
10047869,Student
53853611,Staff
33129243,Student
21321849,Staff
96798971,Staff
44114810,Staff
34783115,Student
30025105,Student
05449040,Student
62048790,Student
04667032,Staff
14484807,Staff
48980405,Staff
27932002,Staff
85683856,Staff
75469475,Staff
78788038,Staff
93539392,Staff
08675123,Staff
68699268,Staff
86558583,Staff
83364624,Staff
84359456,Student
01550707,Staff
93667594,Student
60110188,Staff
15715890,Student
93902283,Student
24071315,Student
15440147,Student
96543739,Student
89362476,Student
71839736,Staff
71789627,Student
99907663,Staff
10918508,Staff
47144242,Staff
94440412,Student
03674927,Staff
77867333,Student
46539998,Student
71146787,Staff
21025892,Staff
82933518,Staff
93903152,Staff
81469947,Staff
30996820,Student
09370622,Student
02910668,Student
90151792,Student
07170165,Student
31172056,Staff
03961048,Student
20040870,Student
28689650,Student
97711748,Student
40115796,Staff
88276983,Staff
41399643,Staff
16153312,Student
66390086,Student
28497703,Staff
34161774,Staff
90436530,Staff
93814264,Student
84612146,Student
56004029,Staff
21203977,Student
72828304,Student
64753460,Student
60250824,Student
86029354,Student
01825006,Student
34999065,Student
20320853,Student
83098138,Staff
74859209,Student
09100685,Staff
15696923,Staff
88245651,Student
92837716,Student
37990586,Staff
02085085,Student
44182506,Staff
16714972,Student
83548204,Staff
23346748,Student
18877467,Student
53780887,Student
95854176,Student
22668861,Staff
68086213,Student
39741426,Staff
71970813,Student
11544577,Student
10313849,Staff
34498521,Staff
44464568,Staff
20670003,Student
93404245,Staff
04565551,Staff
98418131,Staff
64661225,Student
38083247,Student
70497172,Staff
89480236,Student
29457719,Student
52294110,Staff
77750501,Student
79785891,Student
81443137,Staff
42952658,Staff
08264369,Student
95847779,Student
04145703,Staff
37864589,Student
56412344,Staff
05649614,Staff
95173686,Staff
34686697,Student
82125428,Student
71275862,Student
16976127,Staff
94539550,Staff
35551674,Student
06911530,Student
19941233,Student
59408995,Student
44747642,Student
68968206,Staff
41173117,Student
22895215,Student
41706280,Student
21642095,Staff
74900917,Staff
53380343,Staff
14682402,Staff
86933810,Student
91310067,Staff
99522567,Student
03816398,Staff
98382200,Student
89792194,Student
73631814,Student
22131141,Student
84954851,Student
63366413,Staff
10825873,Staff
24956883,Student
07462144,Student
11418579,Staff
46601219,Staff
15355452,Staff
25053996,Student
27734331,Student
28824437,Staff
23569956,Staff
07383890,Student
65171974,Staff
83421614,Staff
94984011,Student
54730556,Student
69809345,Student
12798771,Student
61989691,Student
10275897,Staff
68617474,Student
94037083,Student
07551827,Student
44688832,Staff
89087331,Staff
44308535,Student
03587660,Student
07746276,Staff
43785671,Staff
56176182,Student
14540604,Staff
84082424,Student
58637659,Student
67356563,Staff
65554870,Staff
16981416,Staff
58578116,Staff
36733755,Staff
95799385,Staff
31470693,Staff
16123218,Staff
71649185,Staff
81665867,Staff
22379669,Student
82082889,Student
20178531,Staff
73808243,Student
79549680,Staff
17070260,Staff
91009995,Student
11414738,Staff
77891140,Staff
93129877,Staff
04944372,Staff
39138091,Student
71963345,Student
13126712,Staff
63007348,Student
28728650,Staff
16564404,Staff
46298347,Staff
23930826,Student
80901806,Staff
85163347,Staff
94491586,Staff
09734827,Staff
81010522,Staff
10020308,Staff
37144373,Student
43945169,Staff
77987898,Student
84842270,Staff
31285805,Student
96901574,Staff
88686397,Staff
70173536,Staff
45441772,Staff
10749975,Student
08129478,Student
22812051,Staff
58741739,Staff
44756451,Staff
48206325,Staff
96228442,Student
36189256,Student
08502841,Staff
94861454,Student
81493603,Staff
01524977,Staff
27172189,Staff
95359713,Student
46914371,Student
53129915,Staff
62576261,Student
67074370,Staff
66322051,Staff
05472305,Staff
83458605,Staff
56482559,Staff
96054718,Student
56345880,Student
41547117,Staff
57229062,Student
89709180,Student
29352721,Staff
83785566,Staff
59142161,Student
67412678,Student
19442298,Student
65088776,Staff
73071344,Staff
32927543,Staff
55844465,Student
82904220,Student
12324634,Student
89162676,Student
05897538,Staff
38015272,Student
34097874,Student
52790262,Student
91385100,Staff
27040558,Staff
99343305,Student
53372300,Staff
17935978,Student
94245644,Staff
63336701,Staff
12283837,Student
30548385,Student
90002618,Staff
37474466,Staff
05884272,Student
13199287,Staff
05000090,Student
44322118,Student
33608919,Staff
60879173,Student
75124460,Student
00668041,Staff
37384681,Student
63841056,Staff
84729783,Student
50254788,Staff
35298761,Student
62383139,Staff
70508897,Student
97743544,Staff
90144762,Staff
28525267,Staff
84217286,Student
13956983,Staff
83169490,Staff
81297824,Student
39830310,Student
60848072,Student
42313280,Staff
09878949,Staff
51163999,Student
28405743,Student
45751061,Student
96798488,Student
80982007,Staff
49718931,Student
86664697,Student
50485979,Student
02300734,Student
54631525,Student
97877205,Student
83667827,Student
28723128,Staff
18006140,Staff
55770178,Student
05017319,Student
07786123,Staff
18098721,Staff
12688278,Staff
04761745,Staff
83118704,Staff
10978737,Staff
19441315,Student
96675977,Staff
87469812,Staff
83299610,Student
63672195,Staff
25866078,Student
95757656,Staff
63916833,Staff
37996306,Staff
07520881,Student
52521185,Staff
60048928,Staff
10128107,Student
22319516,Student
86455530,Staff
71376553,Staff
21091295,Student
89945163,Staff
63516910,Student
48214193,Staff
43866559,Student
86629915,Staff
11011843,Staff
63381100,Staff
62552602,Student
74314519,Staff
25811091,Staff
85653855,Staff
64665731,Staff
97464651,Staff
56791716,Student
80441448,Student
67815049,Staff
17075779,Staff
38943422,Staff
61398682,Student
74379992,Student
81874958,Student
56121330,Staff
15861904,Staff
03181799,Student
67696725,Staff
32317326,Student
08272611,Student
97511763,Staff
85752992,Student
26942899,Staff
47649055,Staff
52738041,Staff
69696500,Staff
14268463,Staff
48557789,Student
89891168,Staff
36744372,Student
76845507,Staff
16536107,Staff
76031515,Student
